N,cuBLAS,triton
128.000000,0.021408,0.014592
256.000000,0.024000,0.019008
512.000000,0.033600,0.027488
1024.000000,0.072384,0.087648
